Time	minDistance(OrginCrash, ModifiedCrash, Diverge)
2.9	3.580309
2.8	3.902979
0.8	0.5043059222500161
