Time	minDistance(OrginCrash, ModifiedCrash, Diverge)
3.4	2.258219
3.4	2.339244
5.5	0.5768990709770009
