Time	minDistance(OrginCrash, ModifiedCrash, Diverge)
4.6	2.525849
4.6	2.984948
7.2	0.5467056943129956
