Time	minDistance(OrginCrash, ModifiedCrash, Diverge)
3.7	2.356418
3.7	2.622888
2.0	0.7767527771889854
