Time	minDistance(OrginCrash, ModifiedCrash, Diverge)
2.7	3.666588
2.7	4.069449
3.1	0.07307016126099196
