Time	minDistance(OrginCrash, ModifiedCrash, Diverge)
2.7	3.683122
2.7	3.667518
3.1	0.20239905391299548
