Time	minDistance(OrginCrash, ModifiedCrash, Diverge)
3.1	2.026433
1.9	10.180989
1.0	2.1828705041609986
