Time	minDistance(OrginCrash, ModifiedCrash, Diverge)
4.5	2.833726
2.8	4.061625
1.7	0.5359524484100214
