Time	minDistance(OrginCrash, ModifiedCrash, Diverge)
3.7	2.515084
3.7	3.263603
3.3	0.5168761875850008
