Time	minDistance(OrginCrash, ModifiedCrash, Diverge)
3.7	2.286399
3.7	2.295088
6.4	0.0026124039720001164
