Time	minDistance(OrginCrash, ModifiedCrash, Diverge)
3.5	2.384737
3.5	2.387831
6.1	0.5668568108200089
