Time	minDistance(OrginCrash, ModifiedCrash, Diverge)
2.7	3.666588
2.7	3.698183
3.1	0.3161100835850008
