Time	minDistance(OrginCrash, ModifiedCrash, Diverge)
4.6	2.441939
2.9	3.278136
2.6	0.5179529268500103
