Time	minDistance(OrginCrash, ModifiedCrash, Diverge)
4.4	2.505953
4.4	2.748884
1.2	0.5587574659279704
