Time	minDistance(OrginCrash, ModifiedCrash, Diverge)
4.0	2.378206
2.7	4.106702
1.8	0.5418481329409959
