Time	minDistance(OrginCrash, ModifiedCrash, Diverge)
2.7	3.683122
2.7	4.034385
2.3	0.5133717670050111
