Time	minDistance(OrginCrash, ModifiedCrash, Diverge)
2.8	3.819366
2.8	3.928814
1.8	0.5008307373770118
