Time	minDistance(OrginCrash, ModifiedCrash, Diverge)
4.5	2.390535
2.9	3.315457
2.6	0.7351668609479995
