Time	minDistance(OrginCrash, ModifiedCrash, Diverge)
2.7	3.761343
2.7	4.046715
2.1	0.5095577369089874
