Time	minDistance(OrginCrash, ModifiedCrash, Diverge)
3.8	2.409884
2.7	4.135473
1.7	0.6943293598760181
