Time	minDistance(OrginCrash, ModifiedCrash, Diverge)
3.6	2.529558
3.6	2.801345
2.0	0.7767527771889854
