Time	minDistance(OrginCrash, ModifiedCrash, Diverge)
3.5	2.417215
3.5	2.420282
6.1	0.5668568108200089
