Time	minDistance(OrginCrash, ModifiedCrash, Diverge)
2.7	3.761343
2.7	4.041096
1.9	0.5659977165409948
