Time	minDistance(OrginCrash, ModifiedCrash, Diverge)
3.6	2.828888
3.6	2.88763
6.6	0.0034815508690000264
