Time	minDistance(OrginCrash, ModifiedCrash, Diverge)
2.7	3.683125
2.8	4.08022
3.2	0.032753028409002655
