Time	minDistance(OrginCrash, ModifiedCrash, Diverge)
3.8	2.419649
2.7	4.136961
1.8	0.5358645038719823
