Time	minDistance(OrginCrash, ModifiedCrash, Diverge)
4.0	2.401668
2.7	4.104251
1.8	0.5418481329409959
