Time	minDistance(OrginCrash, ModifiedCrash, Diverge)
3.0	2.302244
1.9	10.180989
0.7	0.7334253384820036
