Time	minDistance(OrginCrash, ModifiedCrash, Diverge)
4.0	2.429709
2.7	4.089271
1.9	0.9842048210900006
