Time	minDistance(OrginCrash, ModifiedCrash, Diverge)
3.5	2.300367
3.5	2.365832
6.1	0.4573858592649804
