Time	minDistance(OrginCrash, ModifiedCrash, Diverge)
3.7	2.404804
3.7	2.441604
6.7	0.19972806303401186
