Time	minDistance(OrginCrash, ModifiedCrash, Diverge)
4.5	3.050735
2.8	3.949953
1.8	0.5794033871809997
