Time	minDistance(OrginCrash, ModifiedCrash, Diverge)
4.4	2.992358
2.8	3.949953
1.8	0.5401919601730282
