Time	minDistance(OrginCrash, ModifiedCrash, Diverge)
2.7	3.692525
2.8	4.08022
3.2	0.026304524170000277
