Time	minDistance(OrginCrash, ModifiedCrash, Diverge)
3.5	2.34495
3.5	2.34807
6.4	0.0005506664400005191
