Time	minDistance(OrginCrash, ModifiedCrash, Diverge)
4.2	2.39272
4.2	2.417244
7.3	0.050014564205001985
