Time	minDistance (OrginCrash, ModifiedCrash, Diverge)
0.000000	1.75
0.000000	1.75
7.300000	0.050014564205001985
