Time	minDistance(OrginCrash, ModifiedCrash, Diverge)
4.4	2.815291
2.8	3.949953
1.9	0.8615367222730084
