Time	minDistance(OrginCrash, ModifiedCrash, Diverge)
4.4	2.460392
4.4	2.681845
1.2	0.5587574659279704
