Time	minDistance(OrginCrash, ModifiedCrash, Diverge)
2.7	3.683125
2.7	4.040616
1.9	0.5946939029209777
