Time	minDistance(OrginCrash, ModifiedCrash, Diverge)
3.1	2.31354
3.1	2.333681
6.0	0.10975982336499335
