Time	minDistance(OrginCrash, ModifiedCrash, Diverge)
4.0	2.502729
2.7	4.126185
1.8	0.5358645038719823
