Time	minDistance(OrginCrash, ModifiedCrash, Diverge)
4.7	2.369371
4.7	2.396669
1.3	0.6248978483560238
