Time	minDistance(OrginCrash, ModifiedCrash, Diverge)
3.7	2.428579
2.7	4.145148
1.7	0.5145455793250059
