Time	minDistance(OrginCrash, ModifiedCrash, Diverge)
4.6	2.425186
2.8	4.061625
1.7	0.6345212372370204
