Time	minDistance(OrginCrash, ModifiedCrash, Diverge)
2.7	3.692525
2.8	3.890654
1.4	0.5350068234849892
