Time	minDistance(OrginCrash, ModifiedCrash, Diverge)
3.7	2.342055
3.7	2.611888
2.0	0.7767527771889854
