Time	minDistance(OrginCrash, ModifiedCrash, Diverge)
2.7	3.692525
2.7	3.661113
3.2	0.19915592162599438
