Time	minDistance(OrginCrash, ModifiedCrash, Diverge)
3.8	2.308343
2.7	4.165227
1.7	0.5145455793250059
