Time	minDistance(OrginCrash, ModifiedCrash, Diverge)
3.4	2.251425
3.4	2.333572
5.6	0.5667803237479847
