Time	minDistance(OrginCrash, ModifiedCrash, Diverge)
4.5	2.742368
2.8	3.949953
1.8	0.5527554402280349
