Time	minDistance(OrginCrash, ModifiedCrash, Diverge)
3.8	2.519588
2.7	4.114588
1.8	0.5358645038719823
