Time	minDistance(OrginCrash, ModifiedCrash, Diverge)
3.8	2.470986
2.7	4.145425
1.7	0.7564694934599956
