Time	minDistance(OrginCrash, ModifiedCrash, Diverge)
2.7	3.692525
2.7	3.675257
3.2	0.20410112324899427
