Time	minDistance(OrginCrash, ModifiedCrash, Diverge)
2.8	3.819366
2.8	4.008691
3.4	0.0018949731559997599
