Time	minDistance(OrginCrash, ModifiedCrash, Diverge)
4.0	2.503886
2.7	4.210508
0.9	0.5174153080999868
