Time	minDistance(OrginCrash, ModifiedCrash, Diverge)
4.5	3.095718
2.8	3.963696
1.8	0.7270406051450007
