Time	minDistance(OrginCrash, ModifiedCrash, Diverge)
2.7	3.666588
2.7	4.069449
3.2	0.027787399145997073
