Time	minDistance(OrginCrash, ModifiedCrash, Diverge)
2.7	3.692525
2.8	3.935202
1.9	0.5206356530049857
