Time	minDistance(OrginCrash, ModifiedCrash, Diverge)
3.9	2.385589
2.7	4.126185
1.8	0.5358645038719823
