Time	minDistance(OrginCrash, ModifiedCrash, Diverge)
4.0	2.410249
2.7	4.089698
1.9	0.7052192732680074
