Time	minDistance(OrginCrash, ModifiedCrash, Diverge)
2.7	3.761343
2.7	4.034385
1.9	0.5660331508010099
