Time	minDistance(OrginCrash, ModifiedCrash, Diverge)
2.7	3.683125
2.8	4.092529
3.2	0.0042302292049983216
