Time	minDistance(OrginCrash, ModifiedCrash, Diverge)
3.9	2.392004
3.9	2.40089
7.0	0.001006251236000031
