Time	minDistance(OrginCrash, ModifiedCrash, Diverge)
2.9	3.896285
2.9	3.723291
1.1	0.6496157213599921
