Time	minDistance(OrginCrash, ModifiedCrash, Diverge)
4.0	2.640147
4.0	2.430285
5.1	0.6368834519450147
