Time	minDistance(OrginCrash, ModifiedCrash, Diverge)
2.7	3.69759
2.7	3.712379
3.1	0.31278073841798243
