Time	minDistance(OrginCrash, ModifiedCrash, Diverge)
2.7	3.683125
2.8	4.055353
3.2	0.018220375105001848
