Time	minDistance(OrginCrash, ModifiedCrash, Diverge)
3.9	2.382286
3.9	2.391265
7.0	0.001006251236000031
