Time	minDistance(OrginCrash, ModifiedCrash, Diverge)
3.6	2.829049
3.6	2.887785
6.6	0.0034815508690000264
