Time	minDistance(OrginCrash, ModifiedCrash, Diverge)
4.6	2.377877
2.7	4.030795
1.1	0.6764315689279974
