Time	minDistance (OrginCrash, ModifiedCrash, Diverge)
0.000000	1.75
0.000000	1.75
1.100000	0.6764315689279974
