Time	minDistance(OrginCrash, ModifiedCrash, Diverge)
4.4	2.898142
2.9	3.338699
2.5	0.6323798656569998
