Time	minDistance(OrginCrash, ModifiedCrash, Diverge)
4.1	2.365452
4.1	2.934154
7.3	0.0958341702489989
