Time	minDistance(OrginCrash, ModifiedCrash, Diverge)
3.8	2.433192
3.8	2.454315
7.0	0.009979380986001547
