Time	minDistance(OrginCrash, ModifiedCrash, Diverge)
4.4	2.483457
2.7	3.689592
1.2	0.5587574659279704
