Time	minDistance(OrginCrash, ModifiedCrash, Diverge)
3.4	2.272882
3.4	2.355049
5.6	0.5667803237479847
