Time	minDistance(OrginCrash, ModifiedCrash, Diverge)
2.7	3.683125
2.7	4.070028
3.2	0.12237591313999492
