Time	minDistance(OrginCrash, ModifiedCrash, Diverge)
4.4	3.055689
2.9	3.311287
2.5	0.5295397363809936
