Time	minDistance(OrginCrash, ModifiedCrash, Diverge)
4.0	2.616587
2.7	4.105386
1.9	0.5405295260160021
