Time	minDistance(OrginCrash, ModifiedCrash, Diverge)
2.7	3.683125
2.7	4.091638
3.2	0.09245338187600836
