Time	minDistance(OrginCrash, ModifiedCrash, Diverge)
2.7	3.683125
2.7	3.667519
3.1	0.2024000495139932
