Time	minDistance(OrginCrash, ModifiedCrash, Diverge)
4.7	2.838094
2.8	3.920873
0.9	0.6327361708899933
