Time	minDistance(OrginCrash, ModifiedCrash, Diverge)
2.7	3.666588
2.7	4.095432
3.2	0.009275100210000161
