Time	minDistance(OrginCrash, ModifiedCrash, Diverge)
3.3	2.419378
3.3	3.242212
2.8	0.5218218118420181
