Time	minDistance(OrginCrash, ModifiedCrash, Diverge)
3.7	2.428497
2.7	4.145037
1.7	0.5145455793250059
