Time	minDistance (OrginCrash, ModifiedCrash, Diverge)
0.000000	1.75
0.000000	1.75
6.700000	0.19972806303401186
