Time	minDistance(OrginCrash, ModifiedCrash, Diverge)
3.7	2.285326
3.7	2.294024
6.4	0.0026124039720001164
