Time	minDistance(OrginCrash, ModifiedCrash, Diverge)
3.5	2.406989
3.5	2.410066
6.1	0.5668568108200089
