Time	minDistance(OrginCrash, ModifiedCrash, Diverge)
2.9	3.394941
2.8	3.963696
1.7	0.6045169615219712
