Time	minDistance(OrginCrash, ModifiedCrash, Diverge)
4.5	2.391568
2.8	3.973719
1.8	0.7518652685299972
