Time	minDistance(OrginCrash, ModifiedCrash, Diverge)
2.9	3.580309
2.8	3.875222
1.0	0.5939791212770117
