Time	minDistance(OrginCrash, ModifiedCrash, Diverge)
3.9	2.496065
2.7	4.126185
1.8	0.5358645038719823
