Time	minDistance(OrginCrash, ModifiedCrash, Diverge)
3.4	2.274017
3.4	2.356171
5.6	0.5667803237479847
