Time	minDistance(OrginCrash, ModifiedCrash, Diverge)
3.7	2.499575
3.7	3.250539
3.3	0.5168761875850008
