Time	minDistance(OrginCrash, ModifiedCrash, Diverge)
3.4	2.275576
3.4	2.357713
5.6	0.5667803237479847
