Time	minDistance(OrginCrash, ModifiedCrash, Diverge)
2.7	3.683125
2.8	4.088728
3.2	0.004448923065000759
