Time	minDistance(OrginCrash, ModifiedCrash, Diverge)
2.7	3.683125
2.7	4.069449
3.1	0.18178714868000673
