Time	minDistance(OrginCrash, ModifiedCrash, Diverge)
3.9	2.412687
2.7	4.114588
1.8	0.5358645038719823
