Time	minDistance(OrginCrash, ModifiedCrash, Diverge)
3.6	2.234923
3.6	2.307846
5.9	0.5550674834050037
