Time	minDistance(OrginCrash, ModifiedCrash, Diverge)
4.0	2.379004
2.7	4.073198
1.9	1.0109734267680237
