Time	minDistance(OrginCrash, ModifiedCrash, Diverge)
4.6	2.428758
2.8	3.993038
1.7	0.6811921810659912
