Time	minDistance(OrginCrash, ModifiedCrash, Diverge)
3.9	2.397685
2.7	4.124145
1.8	0.5358645038719823
