Time	minDistance(OrginCrash, ModifiedCrash, Diverge)
4.7	2.359464
4.7	2.386765
1.3	0.6248978483560238
