Time	minDistance(OrginCrash, ModifiedCrash, Diverge)
2.8	3.819366
2.8	3.928006
3.4	0.1265084121849991
