Time	minDistance(OrginCrash, ModifiedCrash, Diverge)
2.8	3.741969
2.7	4.046715
2.3	0.5027346581299905
