Time	minDistance(OrginCrash, ModifiedCrash, Diverge)
4.0	2.676992
4.0	2.471357
7.0	0.22130916716500773
