Time	minDistance(OrginCrash, ModifiedCrash, Diverge)
4.4	2.966673
2.8	3.690446
1.2	0.5587574659279704
