Time	minDistance(OrginCrash, ModifiedCrash, Diverge)
4.4	2.348825
2.8	4.061625
1.8	0.8087766793639684
