Time	minDistance(OrginCrash, ModifiedCrash, Diverge)
3.6	2.81634
3.6	2.875551
6.7	0.0034815508690000264
