Time	minDistance(OrginCrash, ModifiedCrash, Diverge)
3.9	2.390471
3.9	2.416442
7.0	0.004178598960999973
