Time	minDistance(OrginCrash, ModifiedCrash, Diverge)
2.9	3.959889
2.8	3.867977
1.0	0.6316519707199786
