Time	minDistance(OrginCrash, ModifiedCrash, Diverge)
3.7	2.350427
3.7	2.640688
2.0	0.7767527771889854
