Time	minDistance(OrginCrash, ModifiedCrash, Diverge)
2.7	3.683125
2.7	3.666312
3.2	0.19380317764000154
