Time	minDistance(OrginCrash, ModifiedCrash, Diverge)
3.1	3.505378
3.0	3.553594
1.8	0.5711778813849648
