Time	minDistance(OrginCrash, ModifiedCrash, Diverge)
3.1	2.355708
3.1	2.37534
6.0	0.10975982336499335
