Time	minDistance(OrginCrash, ModifiedCrash, Diverge)
3.7	2.511493
3.7	2.778099
2.0	0.7767527771889854
