Time	minDistance(OrginCrash, ModifiedCrash, Diverge)
4.0	2.484224
2.7	4.120761
1.8	0.5418481329409959
