Time	minDistance(OrginCrash, ModifiedCrash, Diverge)
3.5	2.361539
3.5	2.389217
5.8	0.5116169079649998
