Time	minDistance(OrginCrash, ModifiedCrash, Diverge)
3.8	2.369444
2.7	4.128271
1.8	0.5421746770740018
