Time	minDistance(OrginCrash, ModifiedCrash, Diverge)
2.9	3.373496
2.8	3.941899
1.8	0.5311539777970147
