Time	minDistance(OrginCrash, ModifiedCrash, Diverge)
2.7	3.692525
2.8	3.957796
1.9	0.5218912608569761
