Time	minDistance(OrginCrash, ModifiedCrash, Diverge)
4.1	2.390169
4.1	2.945731
7.3	0.0958341702489989
