Time	minDistance(OrginCrash, ModifiedCrash, Diverge)
2.7	3.746194
2.7	3.690204
3.2	0.08656103744800635
