Time	minDistance(OrginCrash, ModifiedCrash, Diverge)
4.6	2.362062
2.8	4.054136
1.7	0.7389298374559958
