Time	minDistance(OrginCrash, ModifiedCrash, Diverge)
4.1	2.387682
2.7	4.126185
1.8	0.5358645038719823
