Time	minDistance(OrginCrash, ModifiedCrash, Diverge)
2.9	3.390267
2.8	4.013678
1.7	0.5272381435460154
