Time	minDistance(OrginCrash, ModifiedCrash, Diverge)
3.5	2.406395
3.5	2.409471
6.1	0.5668568108200089
