Time	minDistance(OrginCrash, ModifiedCrash, Diverge)
4.4	2.480799
4.4	2.726698
1.2	0.5587574659279704
