Time	minDistance(OrginCrash, ModifiedCrash, Diverge)
3.7	2.419685
2.7	4.164685
1.7	0.5145455793250059
