Time	minDistance(OrginCrash, ModifiedCrash, Diverge)
4.1	2.373993
2.7	4.073317
1.9	0.7052493777940254
