Time	minDistance(OrginCrash, ModifiedCrash, Diverge)
3.7	2.452751
3.7	2.700015
2.0	0.7767527771889854
