Time	minDistance(OrginCrash, ModifiedCrash, Diverge)
3.1	2.362903
3.1	2.382473
6.0	0.10975982336499335
