Time	minDistance(OrginCrash, ModifiedCrash, Diverge)
4.5	2.861619
2.8	3.958971
1.9	0.8615862374049922
