Time	minDistance(OrginCrash, ModifiedCrash, Diverge)
3.7	2.500207
3.7	2.742327
2.0	0.7767527771889854
