Time	minDistance(OrginCrash, ModifiedCrash, Diverge)
2.7	3.69759
2.7	4.091122
3.2	0.07925216038900933
