Time	minDistance (OrginCrash, ModifiedCrash, Diverge)
0.000000	1.75
0.000000	1.75
6.900000	0.0012284983849998562
