Time	minDistance(OrginCrash, ModifiedCrash, Diverge)
3.8	2.414469
3.8	2.42894
6.9	0.0012284983849998562
