Time	minDistance(OrginCrash, ModifiedCrash, Diverge)
4.0	2.364362
2.7	4.114588
1.8	0.5358645038719823
