Time	minDistance(OrginCrash, ModifiedCrash, Diverge)
3.1	3.545394
3.0	3.492723
1.9	0.5168053866760217
