Time	minDistance(OrginCrash, ModifiedCrash, Diverge)
3.6	2.234313
3.6	2.305864
5.6	0.6580986153729734
