Time	minDistance(OrginCrash, ModifiedCrash, Diverge)
2.8	3.741979
2.7	3.746194
3.3	0.004671746017999851
