Time	minDistance(OrginCrash, ModifiedCrash, Diverge)
2.7	3.692525
2.8	4.088728
3.2	0.003677732835999859
