Time	minDistance(OrginCrash, ModifiedCrash, Diverge)
3.5	2.274353
3.5	2.342345
6.2	0.45415752702498363
