Time	minDistance(OrginCrash, ModifiedCrash, Diverge)
3.9	2.504596
2.7	4.104251
1.8	0.5418481329409959
