Time	minDistance(OrginCrash, ModifiedCrash, Diverge)
2.7	3.683125
2.7	4.091122
3.2	0.10691133606799909
