Time	minDistance(OrginCrash, ModifiedCrash, Diverge)
4.5	2.843703
2.9	3.329447
2.5	0.5439767948820021
