Time	minDistance(OrginCrash, ModifiedCrash, Diverge)
2.7	3.682381
2.7	4.091122
3.2	0.062063902979998774
