Time	minDistance(OrginCrash, ModifiedCrash, Diverge)
3.8	2.442385
2.7	4.143596
1.7	0.6943293598760181
