Time	minDistance(OrginCrash, ModifiedCrash, Diverge)
3.9	2.415774
2.7	4.118728
1.8	0.5358645038719823
