Time	minDistance(OrginCrash, ModifiedCrash, Diverge)
4.0	2.613789
2.7	4.091427
1.9	0.5400478582600008
