Time	minDistance(OrginCrash, ModifiedCrash, Diverge)
4.6	2.399921
2.8	3.949917
1.6	0.5982114625849956
