Time	minDistance(OrginCrash, ModifiedCrash, Diverge)
2.7	3.69759
2.7	3.697349
3.1	0.27805648046898085
