Time	minDistance(OrginCrash, ModifiedCrash, Diverge)
2.8	3.819366
2.8	3.963696
3.4	0.006280049703997844
