Time	minDistance(OrginCrash, ModifiedCrash, Diverge)
2.7	3.761343
2.7	3.679716
3.0	0.5072906190370154
