Time	minDistance(OrginCrash, ModifiedCrash, Diverge)
3.8	2.336249
3.8	2.365367
6.8	0.3387115674019896
