Time	minDistance(OrginCrash, ModifiedCrash, Diverge)
2.9	3.394941
2.8	3.946143
1.7	0.6999224650649949
