Time	minDistance(OrginCrash, ModifiedCrash, Diverge)
2.9	3.892056
2.9	3.726644
1.1	0.6496157213599921
