Time	minDistance(OrginCrash, ModifiedCrash, Diverge)
3.7	2.438359
2.7	4.145425
1.7	0.7928018450119882
