Time	minDistance(OrginCrash, ModifiedCrash, Diverge)
2.9	3.372342
2.8	3.963696
1.7	0.6431213203999675
