Time	minDistance(OrginCrash, ModifiedCrash, Diverge)
2.7	3.692525
2.8	3.975896
1.9	0.5220596051449844
