Time	minDistance (OrginCrash, ModifiedCrash, Diverge)
0.000000	1.75
0.000000	1.75
2.600000	0.5179529268500103
