Time	minDistance(OrginCrash, ModifiedCrash, Diverge)
4.5	2.852317
2.9	3.281096
2.6	0.9055536493249703
